<?xml version="1.0" encoding="UTF-8"?>
<!DOCTYPE log4j:configuration SYSTEM "log4j.dtd">
<log4j:configuration xmlns:log4j="http://jakarta.apache.org/log4j/"
    debug="false">

    <!-- <appender name="CONSOLE" class="org.apache.log4j.ConsoleAppender">
        <param name="Target" value="System.out" />
        <param name="Threshold" value="DEBUG" />
        <layout class="org.apache.log4j.PatternLayout">
            <param name="ConversionPattern" value="[%-4p] [%c{1}] %m%n" />
        </layout>
    </appender>
    
    -->

    <appender name="FILE" class="org.apache.log4j.DailyRollingFileAppender">
        <param name="File" value="logs/databaseModelCheck.log" />
        <param name="Append" value="true" />
        <param name="datePattern" value="'.'yyyy-MM-dd" />
        <layout class="org.apache.log4j.PatternLayout">
            <param name="ConversionPattern" value="%d %-5p [%t] [%c{1}] %m%n" />
        </layout>
    </appender>
    
    <!-- Appenders -->  
    <appender name="CONSOLE.ERR" class="org.apache.log4j.ConsoleAppender">  
        <param name="target" value="System.err" />  
        <layout class="org.apache.log4j.PatternLayout">  
            <param name="ConversionPattern"  
                value="%-5p: %c - %m%n" />  
        </layout>  
        <filter class="org.apache.log4j.varia.LevelRangeFilter">  
            <param name="LevelMin" value="warn" />  
            <param name="LevelMax" value="fatal" />  
            <param name="AcceptOnMatch" value="false" />  
        </filter>  
    </appender>  
  
    <appender name="CONSOLE.OUT" class="org.apache.log4j.ConsoleAppender">  
        <param name="target" value="System.out" />  
        <layout class="org.apache.log4j.PatternLayout">  
            <param name="ConversionPattern"  
                value="%-5p: %c - %m%n" />  
        </layout>  
        <filter class="org.apache.log4j.varia.LevelRangeFilter">  
            <param name="LevelMin" value="debug" />  
            <param name="LevelMax" value="info" />  
            <param name="AcceptOnMatch" value="false" />  
        </filter>  
    </appender>  
    
    <logger name="org.perf4j.TimingLogger" additivity="false">
        <level value="INFO" />
    </logger>
    
    <category name="com.sam.checkauto" additivity="false">
        <priority value="ERROR" />
        <appender-ref ref="FILE" />
    	<appender-ref ref="CONSOLE.ERR" />  
        <appender-ref ref="CONSOLE.OUT" />     
    </category>

    <root>
        <priority value="INFO" />
        <!-- <appender-ref ref="FILE" />
        <appender-ref ref="CONSOLE" /> -->
         <appender-ref ref="CONSOLE.ERR" />  
        <appender-ref ref="CONSOLE.OUT" /> 
    </root>

</log4j:configuration>
